2024-06-02 18:00:12.572 IST,"postgres","postgres",18932,"::1:60984",665c5cea.49f4,513,"",2024-06-02 17:22:10 IST,3/1597,0,LOG,00000,"statement: /*pga4dash*/
SELECT 'session_stats' AS chart_name, pg_catalog.row_to_json(t) AS chart_data
FROM (SELECT
   (SELECT count(*) FROM pg_catalog.pg_stat_activity WHERE datname = (SELECT datname FROM pg_catalog.pg_database WHERE oid = 13442)) AS ""Total"",
   (SELECT count(*) FROM pg_catalog.pg_stat_activity WHERE state = 'active' AND datname = (SELECT datname FROM pg_catalog.pg_database WHERE oid = 13442))  AS ""Active"",
   (SELECT count(*) FROM pg_catalog.pg_stat_activity WHERE state = 'idle' AND datname = (SELECT datname FROM pg_catalog.pg_database WHERE oid = 13442))  AS ""Idle""
) t
UNION ALL
SELECT 'tps_stats' AS chart_name, pg_catalog.row_to_json(t) AS chart_data
FROM (SELECT
   (SELECT sum(xact_commit) + sum(xact_rollback) FROM pg_catalog.pg_stat_database WHERE datname = (SELECT datname FROM pg_catalog.pg_database WHERE oid = 13442)) AS ""Transactions"",
   (SELECT sum(xact_commit) FROM pg_catalog.pg_stat_database WHERE datname = (SELECT datname FROM pg_catalog.pg_database WHERE oid = 13442)) AS ""Commits"",
   (SELECT sum(xact_rollback) FROM pg_catalog.pg_stat_database WHERE datname = (SELECT datname FROM pg_catalog.pg_database WHERE oid = 13442)) AS ""Rollbacks""
) t
UNION ALL
SELECT 'ti_stats' AS chart_name, pg_catalog.row_to_json(t) AS chart_data
FROM (SELECT
   (SELECT sum(tup_inserted) FROM pg_catalog.pg_stat_database WHERE datname = (SELECT datname FROM pg_catalog.pg_database WHERE oid = 13442)) AS ""Inserts"",
   (SELECT sum(tup_updated) FROM pg_catalog.pg_stat_database WHERE datname = (SELECT datname FROM pg_catalog.pg_database WHERE oid = 13442)) AS ""Updates"",
   (SELECT sum(tup_deleted) FROM pg_catalog.pg_stat_database WHERE datname = (SELECT datname FROM pg_catalog.pg_database WHERE oid = 13442)) AS ""Deletes""
) t
UNION ALL
SELECT 'to_stats' AS chart_name, pg_catalog.row_to_json(t) AS chart_data
FROM (SELECT
   (SELECT sum(tup_fetched) FROM pg_catalog.pg_stat_database WHERE datname = (SELECT datname FROM pg_catalog.pg_database WHERE oid = 13442)) AS ""Fetched"",
   (SELECT sum(tup_returned) FROM pg_catalog.pg_stat_database WHERE datname = (SELECT datname FROM pg_catalog.pg_database WHERE oid = 13442)) AS ""Returned""
) t
UNION ALL
SELECT 'bio_stats' AS chart_name, pg_catalog.row_to_json(t) AS chart_data
FROM (SELECT
   (SELECT sum(blks_read) FROM pg_catalog.pg_stat_database WHERE datname = (SELECT datname FROM pg_catalog.pg_database WHERE oid = 13442)) AS ""Reads"",
   (SELECT sum(blks_hit) FROM pg_catalog.pg_stat_database WHERE datname = (SELECT datname FROM pg_catalog.pg_database WHERE oid = 13442)) AS ""Hits""
) t
",,,,,,,,"exec_simple_query, d:\pginstaller_13.auto\postgres.windows-x64\src\backend\tcop\postgres.c:1043","pgAdmin 4 - DB:postgres","client backend"
2024-06-02 18:00:12.600 IST,"postgres","postgres",18932,"::1:60984",665c5cea.49f4,514,"",2024-06-02 17:22:10 IST,3/0,0,LOG,00000,"duration: 28.519 ms",,,,,,,,"exec_simple_query, d:\pginstaller_13.auto\postgres.windows-x64\src\backend\tcop\postgres.c:1330","pgAdmin 4 - DB:postgres","client backend"
2024-06-02 18:00:17.910 IST,"postgres","postgres",18932,"::1:60984",665c5cea.49f4,515,"",2024-06-02 17:22:10 IST,3/1598,0,LOG,00000,"statement: /*pga4dash*/
SELECT 'session_stats' AS chart_name, pg_catalog.row_to_json(t) AS chart_data
FROM (SELECT
   (SELECT count(*) FROM pg_catalog.pg_stat_activity WHERE datname = (SELECT datname FROM pg_catalog.pg_database WHERE oid = 13442)) AS ""Total"",
   (SELECT count(*) FROM pg_catalog.pg_stat_activity WHERE state = 'active' AND datname = (SELECT datname FROM pg_catalog.pg_database WHERE oid = 13442))  AS ""Active"",
   (SELECT count(*) FROM pg_catalog.pg_stat_activity WHERE state = 'idle' AND datname = (SELECT datname FROM pg_catalog.pg_database WHERE oid = 13442))  AS ""Idle""
) t
UNION ALL
SELECT 'tps_stats' AS chart_name, pg_catalog.row_to_json(t) AS chart_data
FROM (SELECT
   (SELECT sum(xact_commit) + sum(xact_rollback) FROM pg_catalog.pg_stat_database WHERE datname = (SELECT datname FROM pg_catalog.pg_database WHERE oid = 13442)) AS ""Transactions"",
   (SELECT sum(xact_commit) FROM pg_catalog.pg_stat_database WHERE datname = (SELECT datname FROM pg_catalog.pg_database WHERE oid = 13442)) AS ""Commits"",
   (SELECT sum(xact_rollback) FROM pg_catalog.pg_stat_database WHERE datname = (SELECT datname FROM pg_catalog.pg_database WHERE oid = 13442)) AS ""Rollbacks""
) t
UNION ALL
SELECT 'ti_stats' AS chart_name, pg_catalog.row_to_json(t) AS chart_data
FROM (SELECT
   (SELECT sum(tup_inserted) FROM pg_catalog.pg_stat_database WHERE datname = (SELECT datname FROM pg_catalog.pg_database WHERE oid = 13442)) AS ""Inserts"",
   (SELECT sum(tup_updated) FROM pg_catalog.pg_stat_database WHERE datname = (SELECT datname FROM pg_catalog.pg_database WHERE oid = 13442)) AS ""Updates"",
   (SELECT sum(tup_deleted) FROM pg_catalog.pg_stat_database WHERE datname = (SELECT datname FROM pg_catalog.pg_database WHERE oid = 13442)) AS ""Deletes""
) t
UNION ALL
SELECT 'to_stats' AS chart_name, pg_catalog.row_to_json(t) AS chart_data
FROM (SELECT
   (SELECT sum(tup_fetched) FROM pg_catalog.pg_stat_database WHERE datname = (SELECT datname FROM pg_catalog.pg_database WHERE oid = 13442)) AS ""Fetched"",
   (SELECT sum(tup_returned) FROM pg_catalog.pg_stat_database WHERE datname = (SELECT datname FROM pg_catalog.pg_database WHERE oid = 13442)) AS ""Returned""
) t
UNION ALL
SELECT 'bio_stats' AS chart_name, pg_catalog.row_to_json(t) AS chart_data
FROM (SELECT
   (SELECT sum(blks_read) FROM pg_catalog.pg_stat_database WHERE datname = (SELECT datname FROM pg_catalog.pg_database WHERE oid = 13442)) AS ""Reads"",
   (SELECT sum(blks_hit) FROM pg_catalog.pg_stat_database WHERE datname = (SELECT datname FROM pg_catalog.pg_database WHERE oid = 13442)) AS ""Hits""
) t
",,,,,,,,"exec_simple_query, d:\pginstaller_13.auto\postgres.windows-x64\src\backend\tcop\postgres.c:1043","pgAdmin 4 - DB:postgres","client backend"
2024-06-02 18:00:17.932 IST,"postgres","postgres",18932,"::1:60984",665c5cea.49f4,516,"",2024-06-02 17:22:10 IST,3/0,0,LOG,00000,"duration: 22.593 ms",,,,,,,,"exec_simple_query, d:\pginstaller_13.auto\postgres.windows-x64\src\backend\tcop\postgres.c:1330","pgAdmin 4 - DB:postgres","client backend"
2024-06-02 18:00:22.910 IST,"postgres","postgres",18932,"::1:60984",665c5cea.49f4,517,"",2024-06-02 17:22:10 IST,3/1599,0,LOG,00000,"statement: /*pga4dash*/
SELECT 'session_stats' AS chart_name, pg_catalog.row_to_json(t) AS chart_data
FROM (SELECT
   (SELECT count(*) FROM pg_catalog.pg_stat_activity WHERE datname = (SELECT datname FROM pg_catalog.pg_database WHERE oid = 13442)) AS ""Total"",
   (SELECT count(*) FROM pg_catalog.pg_stat_activity WHERE state = 'active' AND datname = (SELECT datname FROM pg_catalog.pg_database WHERE oid = 13442))  AS ""Active"",
   (SELECT count(*) FROM pg_catalog.pg_stat_activity WHERE state = 'idle' AND datname = (SELECT datname FROM pg_catalog.pg_database WHERE oid = 13442))  AS ""Idle""
) t
UNION ALL
SELECT 'tps_stats' AS chart_name, pg_catalog.row_to_json(t) AS chart_data
FROM (SELECT
   (SELECT sum(xact_commit) + sum(xact_rollback) FROM pg_catalog.pg_stat_database WHERE datname = (SELECT datname FROM pg_catalog.pg_database WHERE oid = 13442)) AS ""Transactions"",
   (SELECT sum(xact_commit) FROM pg_catalog.pg_stat_database WHERE datname = (SELECT datname FROM pg_catalog.pg_database WHERE oid = 13442)) AS ""Commits"",
   (SELECT sum(xact_rollback) FROM pg_catalog.pg_stat_database WHERE datname = (SELECT datname FROM pg_catalog.pg_database WHERE oid = 13442)) AS ""Rollbacks""
) t
UNION ALL
SELECT 'ti_stats' AS chart_name, pg_catalog.row_to_json(t) AS chart_data
FROM (SELECT
   (SELECT sum(tup_inserted) FROM pg_catalog.pg_stat_database WHERE datname = (SELECT datname FROM pg_catalog.pg_database WHERE oid = 13442)) AS ""Inserts"",
   (SELECT sum(tup_updated) FROM pg_catalog.pg_stat_database WHERE datname = (SELECT datname FROM pg_catalog.pg_database WHERE oid = 13442)) AS ""Updates"",
   (SELECT sum(tup_deleted) FROM pg_catalog.pg_stat_database WHERE datname = (SELECT datname FROM pg_catalog.pg_database WHERE oid = 13442)) AS ""Deletes""
) t
UNION ALL
SELECT 'to_stats' AS chart_name, pg_catalog.row_to_json(t) AS chart_data
FROM (SELECT
   (SELECT sum(tup_fetched) FROM pg_catalog.pg_stat_database WHERE datname = (SELECT datname FROM pg_catalog.pg_database WHERE oid = 13442)) AS ""Fetched"",
   (SELECT sum(tup_returned) FROM pg_catalog.pg_stat_database WHERE datname = (SELECT datname FROM pg_catalog.pg_database WHERE oid = 13442)) AS ""Returned""
) t
UNION ALL
SELECT 'bio_stats' AS chart_name, pg_catalog.row_to_json(t) AS chart_data
FROM (SELECT
   (SELECT sum(blks_read) FROM pg_catalog.pg_stat_database WHERE datname = (SELECT datname FROM pg_catalog.pg_database WHERE oid = 13442)) AS ""Reads"",
   (SELECT sum(blks_hit) FROM pg_catalog.pg_stat_database WHERE datname = (SELECT datname FROM pg_catalog.pg_database WHERE oid = 13442)) AS ""Hits""
) t
",,,,,,,,"exec_simple_query, d:\pginstaller_13.auto\postgres.windows-x64\src\backend\tcop\postgres.c:1043","pgAdmin 4 - DB:postgres","client backend"
2024-06-02 18:00:22.919 IST,"postgres","postgres",18932,"::1:60984",665c5cea.49f4,518,"",2024-06-02 17:22:10 IST,3/0,0,LOG,00000,"duration: 9.828 ms",,,,,,,,"exec_simple_query, d:\pginstaller_13.auto\postgres.windows-x64\src\backend\tcop\postgres.c:1330","pgAdmin 4 - DB:postgres","client backend"
2024-06-02 18:00:27.909 IST,"postgres","postgres",18932,"::1:60984",665c5cea.49f4,519,"",2024-06-02 17:22:10 IST,3/1600,0,LOG,00000,"statement: /*pga4dash*/
SELECT 'session_stats' AS chart_name, pg_catalog.row_to_json(t) AS chart_data
FROM (SELECT
   (SELECT count(*) FROM pg_catalog.pg_stat_activity WHERE datname = (SELECT datname FROM pg_catalog.pg_database WHERE oid = 13442)) AS ""Total"",
   (SELECT count(*) FROM pg_catalog.pg_stat_activity WHERE state = 'active' AND datname = (SELECT datname FROM pg_catalog.pg_database WHERE oid = 13442))  AS ""Active"",
   (SELECT count(*) FROM pg_catalog.pg_stat_activity WHERE state = 'idle' AND datname = (SELECT datname FROM pg_catalog.pg_database WHERE oid = 13442))  AS ""Idle""
) t
UNION ALL
SELECT 'tps_stats' AS chart_name, pg_catalog.row_to_json(t) AS chart_data
FROM (SELECT
   (SELECT sum(xact_commit) + sum(xact_rollback) FROM pg_catalog.pg_stat_database WHERE datname = (SELECT datname FROM pg_catalog.pg_database WHERE oid = 13442)) AS ""Transactions"",
   (SELECT sum(xact_commit) FROM pg_catalog.pg_stat_database WHERE datname = (SELECT datname FROM pg_catalog.pg_database WHERE oid = 13442)) AS ""Commits"",
   (SELECT sum(xact_rollback) FROM pg_catalog.pg_stat_database WHERE datname = (SELECT datname FROM pg_catalog.pg_database WHERE oid = 13442)) AS ""Rollbacks""
) t
UNION ALL
SELECT 'ti_stats' AS chart_name, pg_catalog.row_to_json(t) AS chart_data
FROM (SELECT
   (SELECT sum(tup_inserted) FROM pg_catalog.pg_stat_database WHERE datname = (SELECT datname FROM pg_catalog.pg_database WHERE oid = 13442)) AS ""Inserts"",
   (SELECT sum(tup_updated) FROM pg_catalog.pg_stat_database WHERE datname = (SELECT datname FROM pg_catalog.pg_database WHERE oid = 13442)) AS ""Updates"",
   (SELECT sum(tup_deleted) FROM pg_catalog.pg_stat_database WHERE datname = (SELECT datname FROM pg_catalog.pg_database WHERE oid = 13442)) AS ""Deletes""
) t
UNION ALL
SELECT 'to_stats' AS chart_name, pg_catalog.row_to_json(t) AS chart_data
FROM (SELECT
   (SELECT sum(tup_fetched) FROM pg_catalog.pg_stat_database WHERE datname = (SELECT datname FROM pg_catalog.pg_database WHERE oid = 13442)) AS ""Fetched"",
   (SELECT sum(tup_returned) FROM pg_catalog.pg_stat_database WHERE datname = (SELECT datname FROM pg_catalog.pg_database WHERE oid = 13442)) AS ""Returned""
) t
UNION ALL
SELECT 'bio_stats' AS chart_name, pg_catalog.row_to_json(t) AS chart_data
FROM (SELECT
   (SELECT sum(blks_read) FROM pg_catalog.pg_stat_database WHERE datname = (SELECT datname FROM pg_catalog.pg_database WHERE oid = 13442)) AS ""Reads"",
   (SELECT sum(blks_hit) FROM pg_catalog.pg_stat_database WHERE datname = (SELECT datname FROM pg_catalog.pg_database WHERE oid = 13442)) AS ""Hits""
) t
",,,,,,,,"exec_simple_query, d:\pginstaller_13.auto\postgres.windows-x64\src\backend\tcop\postgres.c:1043","pgAdmin 4 - DB:postgres","client backend"
2024-06-02 18:00:27.928 IST,"postgres","postgres",18932,"::1:60984",665c5cea.49f4,520,"",2024-06-02 17:22:10 IST,3/0,0,LOG,00000,"duration: 19.341 ms",,,,,,,,"exec_simple_query, d:\pginstaller_13.auto\postgres.windows-x64\src\backend\tcop\postgres.c:1330","pgAdmin 4 - DB:postgres","client backend"
2024-06-02 18:00:32.911 IST,"postgres","postgres",18932,"::1:60984",665c5cea.49f4,521,"",2024-06-02 17:22:10 IST,3/1601,0,LOG,00000,"statement: /*pga4dash*/
SELECT 'session_stats' AS chart_name, pg_catalog.row_to_json(t) AS chart_data
FROM (SELECT
   (SELECT count(*) FROM pg_catalog.pg_stat_activity WHERE datname = (SELECT datname FROM pg_catalog.pg_database WHERE oid = 13442)) AS ""Total"",
   (SELECT count(*) FROM pg_catalog.pg_stat_activity WHERE state = 'active' AND datname = (SELECT datname FROM pg_catalog.pg_database WHERE oid = 13442))  AS ""Active"",
   (SELECT count(*) FROM pg_catalog.pg_stat_activity WHERE state = 'idle' AND datname = (SELECT datname FROM pg_catalog.pg_database WHERE oid = 13442))  AS ""Idle""
) t
UNION ALL
SELECT 'tps_stats' AS chart_name, pg_catalog.row_to_json(t) AS chart_data
FROM (SELECT
   (SELECT sum(xact_commit) + sum(xact_rollback) FROM pg_catalog.pg_stat_database WHERE datname = (SELECT datname FROM pg_catalog.pg_database WHERE oid = 13442)) AS ""Transactions"",
   (SELECT sum(xact_commit) FROM pg_catalog.pg_stat_database WHERE datname = (SELECT datname FROM pg_catalog.pg_database WHERE oid = 13442)) AS ""Commits"",
   (SELECT sum(xact_rollback) FROM pg_catalog.pg_stat_database WHERE datname = (SELECT datname FROM pg_catalog.pg_database WHERE oid = 13442)) AS ""Rollbacks""
) t
UNION ALL
SELECT 'ti_stats' AS chart_name, pg_catalog.row_to_json(t) AS chart_data
FROM (SELECT
   (SELECT sum(tup_inserted) FROM pg_catalog.pg_stat_database WHERE datname = (SELECT datname FROM pg_catalog.pg_database WHERE oid = 13442)) AS ""Inserts"",
   (SELECT sum(tup_updated) FROM pg_catalog.pg_stat_database WHERE datname = (SELECT datname FROM pg_catalog.pg_database WHERE oid = 13442)) AS ""Updates"",
   (SELECT sum(tup_deleted) FROM pg_catalog.pg_stat_database WHERE datname = (SELECT datname FROM pg_catalog.pg_database WHERE oid = 13442)) AS ""Deletes""
) t
UNION ALL
SELECT 'to_stats' AS chart_name, pg_catalog.row_to_json(t) AS chart_data
FROM (SELECT
   (SELECT sum(tup_fetched) FROM pg_catalog.pg_stat_database WHERE datname = (SELECT datname FROM pg_catalog.pg_database WHERE oid = 13442)) AS ""Fetched"",
   (SELECT sum(tup_returned) FROM pg_catalog.pg_stat_database WHERE datname = (SELECT datname FROM pg_catalog.pg_database WHERE oid = 13442)) AS ""Returned""
) t
UNION ALL
SELECT 'bio_stats' AS chart_name, pg_catalog.row_to_json(t) AS chart_data
FROM (SELECT
   (SELECT sum(blks_read) FROM pg_catalog.pg_stat_database WHERE datname = (SELECT datname FROM pg_catalog.pg_database WHERE oid = 13442)) AS ""Reads"",
   (SELECT sum(blks_hit) FROM pg_catalog.pg_stat_database WHERE datname = (SELECT datname FROM pg_catalog.pg_database WHERE oid = 13442)) AS ""Hits""
) t
",,,,,,,,"exec_simple_query, d:\pginstaller_13.auto\postgres.windows-x64\src\backend\tcop\postgres.c:1043","pgAdmin 4 - DB:postgres","client backend"
2024-06-02 18:00:32.933 IST,"postgres","postgres",18932,"::1:60984",665c5cea.49f4,522,"",2024-06-02 17:22:10 IST,3/0,0,LOG,00000,"duration: 21.390 ms",,,,,,,,"exec_simple_query, d:\pginstaller_13.auto\postgres.windows-x64\src\backend\tcop\postgres.c:1330","pgAdmin 4 - DB:postgres","client backend"
2024-06-02 18:00:37.909 IST,"postgres","postgres",18932,"::1:60984",665c5cea.49f4,523,"",2024-06-02 17:22:10 IST,3/1602,0,LOG,00000,"statement: /*pga4dash*/
SELECT 'session_stats' AS chart_name, pg_catalog.row_to_json(t) AS chart_data
FROM (SELECT
   (SELECT count(*) FROM pg_catalog.pg_stat_activity WHERE datname = (SELECT datname FROM pg_catalog.pg_database WHERE oid = 13442)) AS ""Total"",
   (SELECT count(*) FROM pg_catalog.pg_stat_activity WHERE state = 'active' AND datname = (SELECT datname FROM pg_catalog.pg_database WHERE oid = 13442))  AS ""Active"",
   (SELECT count(*) FROM pg_catalog.pg_stat_activity WHERE state = 'idle' AND datname = (SELECT datname FROM pg_catalog.pg_database WHERE oid = 13442))  AS ""Idle""
) t
UNION ALL
SELECT 'tps_stats' AS chart_name, pg_catalog.row_to_json(t) AS chart_data
FROM (SELECT
   (SELECT sum(xact_commit) + sum(xact_rollback) FROM pg_catalog.pg_stat_database WHERE datname = (SELECT datname FROM pg_catalog.pg_database WHERE oid = 13442)) AS ""Transactions"",
   (SELECT sum(xact_commit) FROM pg_catalog.pg_stat_database WHERE datname = (SELECT datname FROM pg_catalog.pg_database WHERE oid = 13442)) AS ""Commits"",
   (SELECT sum(xact_rollback) FROM pg_catalog.pg_stat_database WHERE datname = (SELECT datname FROM pg_catalog.pg_database WHERE oid = 13442)) AS ""Rollbacks""
) t
UNION ALL
SELECT 'ti_stats' AS chart_name, pg_catalog.row_to_json(t) AS chart_data
FROM (SELECT
   (SELECT sum(tup_inserted) FROM pg_catalog.pg_stat_database WHERE datname = (SELECT datname FROM pg_catalog.pg_database WHERE oid = 13442)) AS ""Inserts"",
   (SELECT sum(tup_updated) FROM pg_catalog.pg_stat_database WHERE datname = (SELECT datname FROM pg_catalog.pg_database WHERE oid = 13442)) AS ""Updates"",
   (SELECT sum(tup_deleted) FROM pg_catalog.pg_stat_database WHERE datname = (SELECT datname FROM pg_catalog.pg_database WHERE oid = 13442)) AS ""Deletes""
) t
UNION ALL
SELECT 'to_stats' AS chart_name, pg_catalog.row_to_json(t) AS chart_data
FROM (SELECT
   (SELECT sum(tup_fetched) FROM pg_catalog.pg_stat_database WHERE datname = (SELECT datname FROM pg_catalog.pg_database WHERE oid = 13442)) AS ""Fetched"",
   (SELECT sum(tup_returned) FROM pg_catalog.pg_stat_database WHERE datname = (SELECT datname FROM pg_catalog.pg_database WHERE oid = 13442)) AS ""Returned""
) t
UNION ALL
SELECT 'bio_stats' AS chart_name, pg_catalog.row_to_json(t) AS chart_data
FROM (SELECT
   (SELECT sum(blks_read) FROM pg_catalog.pg_stat_database WHERE datname = (SELECT datname FROM pg_catalog.pg_database WHERE oid = 13442)) AS ""Reads"",
   (SELECT sum(blks_hit) FROM pg_catalog.pg_stat_database WHERE datname = (SELECT datname FROM pg_catalog.pg_database WHERE oid = 13442)) AS ""Hits""
) t
",,,,,,,,"exec_simple_query, d:\pginstaller_13.auto\postgres.windows-x64\src\backend\tcop\postgres.c:1043","pgAdmin 4 - DB:postgres","client backend"
2024-06-02 18:00:37.932 IST,"postgres","postgres",18932,"::1:60984",665c5cea.49f4,524,"",2024-06-02 17:22:10 IST,3/0,0,LOG,00000,"duration: 23.534 ms",,,,,,,,"exec_simple_query, d:\pginstaller_13.auto\postgres.windows-x64\src\backend\tcop\postgres.c:1330","pgAdmin 4 - DB:postgres","client backend"
2024-06-02 18:00:42.908 IST,"postgres","postgres",18932,"::1:60984",665c5cea.49f4,525,"",2024-06-02 17:22:10 IST,3/1603,0,LOG,00000,"statement: /*pga4dash*/
SELECT 'session_stats' AS chart_name, pg_catalog.row_to_json(t) AS chart_data
FROM (SELECT
   (SELECT count(*) FROM pg_catalog.pg_stat_activity WHERE datname = (SELECT datname FROM pg_catalog.pg_database WHERE oid = 13442)) AS ""Total"",
   (SELECT count(*) FROM pg_catalog.pg_stat_activity WHERE state = 'active' AND datname = (SELECT datname FROM pg_catalog.pg_database WHERE oid = 13442))  AS ""Active"",
   (SELECT count(*) FROM pg_catalog.pg_stat_activity WHERE state = 'idle' AND datname = (SELECT datname FROM pg_catalog.pg_database WHERE oid = 13442))  AS ""Idle""
) t
UNION ALL
SELECT 'tps_stats' AS chart_name, pg_catalog.row_to_json(t) AS chart_data
FROM (SELECT
   (SELECT sum(xact_commit) + sum(xact_rollback) FROM pg_catalog.pg_stat_database WHERE datname = (SELECT datname FROM pg_catalog.pg_database WHERE oid = 13442)) AS ""Transactions"",
   (SELECT sum(xact_commit) FROM pg_catalog.pg_stat_database WHERE datname = (SELECT datname FROM pg_catalog.pg_database WHERE oid = 13442)) AS ""Commits"",
   (SELECT sum(xact_rollback) FROM pg_catalog.pg_stat_database WHERE datname = (SELECT datname FROM pg_catalog.pg_database WHERE oid = 13442)) AS ""Rollbacks""
) t
UNION ALL
SELECT 'ti_stats' AS chart_name, pg_catalog.row_to_json(t) AS chart_data
FROM (SELECT
   (SELECT sum(tup_inserted) FROM pg_catalog.pg_stat_database WHERE datname = (SELECT datname FROM pg_catalog.pg_database WHERE oid = 13442)) AS ""Inserts"",
   (SELECT sum(tup_updated) FROM pg_catalog.pg_stat_database WHERE datname = (SELECT datname FROM pg_catalog.pg_database WHERE oid = 13442)) AS ""Updates"",
   (SELECT sum(tup_deleted) FROM pg_catalog.pg_stat_database WHERE datname = (SELECT datname FROM pg_catalog.pg_database WHERE oid = 13442)) AS ""Deletes""
) t
UNION ALL
SELECT 'to_stats' AS chart_name, pg_catalog.row_to_json(t) AS chart_data
FROM (SELECT
   (SELECT sum(tup_fetched) FROM pg_catalog.pg_stat_database WHERE datname = (SELECT datname FROM pg_catalog.pg_database WHERE oid = 13442)) AS ""Fetched"",
   (SELECT sum(tup_returned) FROM pg_catalog.pg_stat_database WHERE datname = (SELECT datname FROM pg_catalog.pg_database WHERE oid = 13442)) AS ""Returned""
) t
UNION ALL
SELECT 'bio_stats' AS chart_name, pg_catalog.row_to_json(t) AS chart_data
FROM (SELECT
   (SELECT sum(blks_read) FROM pg_catalog.pg_stat_database WHERE datname = (SELECT datname FROM pg_catalog.pg_database WHERE oid = 13442)) AS ""Reads"",
   (SELECT sum(blks_hit) FROM pg_catalog.pg_stat_database WHERE datname = (SELECT datname FROM pg_catalog.pg_database WHERE oid = 13442)) AS ""Hits""
) t
",,,,,,,,"exec_simple_query, d:\pginstaller_13.auto\postgres.windows-x64\src\backend\tcop\postgres.c:1043","pgAdmin 4 - DB:postgres","client backend"
2024-06-02 18:00:42.928 IST,"postgres","postgres",18932,"::1:60984",665c5cea.49f4,526,"",2024-06-02 17:22:10 IST,3/0,0,LOG,00000,"duration: 20.500 ms",,,,,,,,"exec_simple_query, d:\pginstaller_13.auto\postgres.windows-x64\src\backend\tcop\postgres.c:1330","pgAdmin 4 - DB:postgres","client backend"
2024-06-02 18:00:47.909 IST,"postgres","postgres",18932,"::1:60984",665c5cea.49f4,527,"",2024-06-02 17:22:10 IST,3/1604,0,LOG,00000,"statement: /*pga4dash*/
SELECT 'session_stats' AS chart_name, pg_catalog.row_to_json(t) AS chart_data
FROM (SELECT
   (SELECT count(*) FROM pg_catalog.pg_stat_activity WHERE datname = (SELECT datname FROM pg_catalog.pg_database WHERE oid = 13442)) AS ""Total"",
   (SELECT count(*) FROM pg_catalog.pg_stat_activity WHERE state = 'active' AND datname = (SELECT datname FROM pg_catalog.pg_database WHERE oid = 13442))  AS ""Active"",
   (SELECT count(*) FROM pg_catalog.pg_stat_activity WHERE state = 'idle' AND datname = (SELECT datname FROM pg_catalog.pg_database WHERE oid = 13442))  AS ""Idle""
) t
UNION ALL
SELECT 'tps_stats' AS chart_name, pg_catalog.row_to_json(t) AS chart_data
FROM (SELECT
   (SELECT sum(xact_commit) + sum(xact_rollback) FROM pg_catalog.pg_stat_database WHERE datname = (SELECT datname FROM pg_catalog.pg_database WHERE oid = 13442)) AS ""Transactions"",
   (SELECT sum(xact_commit) FROM pg_catalog.pg_stat_database WHERE datname = (SELECT datname FROM pg_catalog.pg_database WHERE oid = 13442)) AS ""Commits"",
   (SELECT sum(xact_rollback) FROM pg_catalog.pg_stat_database WHERE datname = (SELECT datname FROM pg_catalog.pg_database WHERE oid = 13442)) AS ""Rollbacks""
) t
UNION ALL
SELECT 'ti_stats' AS chart_name, pg_catalog.row_to_json(t) AS chart_data
FROM (SELECT
   (SELECT sum(tup_inserted) FROM pg_catalog.pg_stat_database WHERE datname = (SELECT datname FROM pg_catalog.pg_database WHERE oid = 13442)) AS ""Inserts"",
   (SELECT sum(tup_updated) FROM pg_catalog.pg_stat_database WHERE datname = (SELECT datname FROM pg_catalog.pg_database WHERE oid = 13442)) AS ""Updates"",
   (SELECT sum(tup_deleted) FROM pg_catalog.pg_stat_database WHERE datname = (SELECT datname FROM pg_catalog.pg_database WHERE oid = 13442)) AS ""Deletes""
) t
UNION ALL
SELECT 'to_stats' AS chart_name, pg_catalog.row_to_json(t) AS chart_data
FROM (SELECT
   (SELECT sum(tup_fetched) FROM pg_catalog.pg_stat_database WHERE datname = (SELECT datname FROM pg_catalog.pg_database WHERE oid = 13442)) AS ""Fetched"",
   (SELECT sum(tup_returned) FROM pg_catalog.pg_stat_database WHERE datname = (SELECT datname FROM pg_catalog.pg_database WHERE oid = 13442)) AS ""Returned""
) t
UNION ALL
SELECT 'bio_stats' AS chart_name, pg_catalog.row_to_json(t) AS chart_data
FROM (SELECT
   (SELECT sum(blks_read) FROM pg_catalog.pg_stat_database WHERE datname = (SELECT datname FROM pg_catalog.pg_database WHERE oid = 13442)) AS ""Reads"",
   (SELECT sum(blks_hit) FROM pg_catalog.pg_stat_database WHERE datname = (SELECT datname FROM pg_catalog.pg_database WHERE oid = 13442)) AS ""Hits""
) t
",,,,,,,,"exec_simple_query, d:\pginstaller_13.auto\postgres.windows-x64\src\backend\tcop\postgres.c:1043","pgAdmin 4 - DB:postgres","client backend"
2024-06-02 18:00:47.931 IST,"postgres","postgres",18932,"::1:60984",665c5cea.49f4,528,"",2024-06-02 17:22:10 IST,3/0,0,LOG,00000,"duration: 21.950 ms",,,,,,,,"exec_simple_query, d:\pginstaller_13.auto\postgres.windows-x64\src\backend\tcop\postgres.c:1330","pgAdmin 4 - DB:postgres","client backend"
2024-06-02 18:00:52.908 IST,"postgres","postgres",18932,"::1:60984",665c5cea.49f4,529,"",2024-06-02 17:22:10 IST,3/1605,0,LOG,00000,"statement: /*pga4dash*/
SELECT 'session_stats' AS chart_name, pg_catalog.row_to_json(t) AS chart_data
FROM (SELECT
   (SELECT count(*) FROM pg_catalog.pg_stat_activity WHERE datname = (SELECT datname FROM pg_catalog.pg_database WHERE oid = 13442)) AS ""Total"",
   (SELECT count(*) FROM pg_catalog.pg_stat_activity WHERE state = 'active' AND datname = (SELECT datname FROM pg_catalog.pg_database WHERE oid = 13442))  AS ""Active"",
   (SELECT count(*) FROM pg_catalog.pg_stat_activity WHERE state = 'idle' AND datname = (SELECT datname FROM pg_catalog.pg_database WHERE oid = 13442))  AS ""Idle""
) t
UNION ALL
SELECT 'tps_stats' AS chart_name, pg_catalog.row_to_json(t) AS chart_data
FROM (SELECT
   (SELECT sum(xact_commit) + sum(xact_rollback) FROM pg_catalog.pg_stat_database WHERE datname = (SELECT datname FROM pg_catalog.pg_database WHERE oid = 13442)) AS ""Transactions"",
   (SELECT sum(xact_commit) FROM pg_catalog.pg_stat_database WHERE datname = (SELECT datname FROM pg_catalog.pg_database WHERE oid = 13442)) AS ""Commits"",
   (SELECT sum(xact_rollback) FROM pg_catalog.pg_stat_database WHERE datname = (SELECT datname FROM pg_catalog.pg_database WHERE oid = 13442)) AS ""Rollbacks""
) t
UNION ALL
SELECT 'ti_stats' AS chart_name, pg_catalog.row_to_json(t) AS chart_data
FROM (SELECT
   (SELECT sum(tup_inserted) FROM pg_catalog.pg_stat_database WHERE datname = (SELECT datname FROM pg_catalog.pg_database WHERE oid = 13442)) AS ""Inserts"",
   (SELECT sum(tup_updated) FROM pg_catalog.pg_stat_database WHERE datname = (SELECT datname FROM pg_catalog.pg_database WHERE oid = 13442)) AS ""Updates"",
   (SELECT sum(tup_deleted) FROM pg_catalog.pg_stat_database WHERE datname = (SELECT datname FROM pg_catalog.pg_database WHERE oid = 13442)) AS ""Deletes""
) t
UNION ALL
SELECT 'to_stats' AS chart_name, pg_catalog.row_to_json(t) AS chart_data
FROM (SELECT
   (SELECT sum(tup_fetched) FROM pg_catalog.pg_stat_database WHERE datname = (SELECT datname FROM pg_catalog.pg_database WHERE oid = 13442)) AS ""Fetched"",
   (SELECT sum(tup_returned) FROM pg_catalog.pg_stat_database WHERE datname = (SELECT datname FROM pg_catalog.pg_database WHERE oid = 13442)) AS ""Returned""
) t
UNION ALL
SELECT 'bio_stats' AS chart_name, pg_catalog.row_to_json(t) AS chart_data
FROM (SELECT
   (SELECT sum(blks_read) FROM pg_catalog.pg_stat_database WHERE datname = (SELECT datname FROM pg_catalog.pg_database WHERE oid = 13442)) AS ""Reads"",
   (SELECT sum(blks_hit) FROM pg_catalog.pg_stat_database WHERE datname = (SELECT datname FROM pg_catalog.pg_database WHERE oid = 13442)) AS ""Hits""
) t
",,,,,,,,"exec_simple_query, d:\pginstaller_13.auto\postgres.windows-x64\src\backend\tcop\postgres.c:1043","pgAdmin 4 - DB:postgres","client backend"
2024-06-02 18:00:52.929 IST,"postgres","postgres",18932,"::1:60984",665c5cea.49f4,530,"",2024-06-02 17:22:10 IST,3/0,0,LOG,00000,"duration: 20.686 ms",,,,,,,,"exec_simple_query, d:\pginstaller_13.auto\postgres.windows-x64\src\backend\tcop\postgres.c:1330","pgAdmin 4 - DB:postgres","client backend"
2024-06-02 18:00:57.902 IST,"postgres","postgres",18932,"::1:60984",665c5cea.49f4,531,"",2024-06-02 17:22:10 IST,3/1606,0,LOG,00000,"statement: /*pga4dash*/
SELECT 'session_stats' AS chart_name, pg_catalog.row_to_json(t) AS chart_data
FROM (SELECT
   (SELECT count(*) FROM pg_catalog.pg_stat_activity WHERE datname = (SELECT datname FROM pg_catalog.pg_database WHERE oid = 13442)) AS ""Total"",
   (SELECT count(*) FROM pg_catalog.pg_stat_activity WHERE state = 'active' AND datname = (SELECT datname FROM pg_catalog.pg_database WHERE oid = 13442))  AS ""Active"",
   (SELECT count(*) FROM pg_catalog.pg_stat_activity WHERE state = 'idle' AND datname = (SELECT datname FROM pg_catalog.pg_database WHERE oid = 13442))  AS ""Idle""
) t
UNION ALL
SELECT 'tps_stats' AS chart_name, pg_catalog.row_to_json(t) AS chart_data
FROM (SELECT
   (SELECT sum(xact_commit) + sum(xact_rollback) FROM pg_catalog.pg_stat_database WHERE datname = (SELECT datname FROM pg_catalog.pg_database WHERE oid = 13442)) AS ""Transactions"",
   (SELECT sum(xact_commit) FROM pg_catalog.pg_stat_database WHERE datname = (SELECT datname FROM pg_catalog.pg_database WHERE oid = 13442)) AS ""Commits"",
   (SELECT sum(xact_rollback) FROM pg_catalog.pg_stat_database WHERE datname = (SELECT datname FROM pg_catalog.pg_database WHERE oid = 13442)) AS ""Rollbacks""
) t
UNION ALL
SELECT 'ti_stats' AS chart_name, pg_catalog.row_to_json(t) AS chart_data
FROM (SELECT
   (SELECT sum(tup_inserted) FROM pg_catalog.pg_stat_database WHERE datname = (SELECT datname FROM pg_catalog.pg_database WHERE oid = 13442)) AS ""Inserts"",
   (SELECT sum(tup_updated) FROM pg_catalog.pg_stat_database WHERE datname = (SELECT datname FROM pg_catalog.pg_database WHERE oid = 13442)) AS ""Updates"",
   (SELECT sum(tup_deleted) FROM pg_catalog.pg_stat_database WHERE datname = (SELECT datname FROM pg_catalog.pg_database WHERE oid = 13442)) AS ""Deletes""
) t
UNION ALL
SELECT 'to_stats' AS chart_name, pg_catalog.row_to_json(t) AS chart_data
FROM (SELECT
   (SELECT sum(tup_fetched) FROM pg_catalog.pg_stat_database WHERE datname = (SELECT datname FROM pg_catalog.pg_database WHERE oid = 13442)) AS ""Fetched"",
   (SELECT sum(tup_returned) FROM pg_catalog.pg_stat_database WHERE datname = (SELECT datname FROM pg_catalog.pg_database WHERE oid = 13442)) AS ""Returned""
) t
UNION ALL
SELECT 'bio_stats' AS chart_name, pg_catalog.row_to_json(t) AS chart_data
FROM (SELECT
   (SELECT sum(blks_read) FROM pg_catalog.pg_stat_database WHERE datname = (SELECT datname FROM pg_catalog.pg_database WHERE oid = 13442)) AS ""Reads"",
   (SELECT sum(blks_hit) FROM pg_catalog.pg_stat_database WHERE datname = (SELECT datname FROM pg_catalog.pg_database WHERE oid = 13442)) AS ""Hits""
) t
",,,,,,,,"exec_simple_query, d:\pginstaller_13.auto\postgres.windows-x64\src\backend\tcop\postgres.c:1043","pgAdmin 4 - DB:postgres","client backend"
2024-06-02 18:00:57.918 IST,"postgres","postgres",18932,"::1:60984",665c5cea.49f4,532,"",2024-06-02 17:22:10 IST,3/0,0,LOG,00000,"duration: 15.821 ms",,,,,,,,"exec_simple_query, d:\pginstaller_13.auto\postgres.windows-x64\src\backend\tcop\postgres.c:1330","pgAdmin 4 - DB:postgres","client backend"
2024-06-02 18:01:02.901 IST,"postgres","postgres",18932,"::1:60984",665c5cea.49f4,533,"",2024-06-02 17:22:10 IST,3/1607,0,LOG,00000,"statement: /*pga4dash*/
SELECT 'session_stats' AS chart_name, pg_catalog.row_to_json(t) AS chart_data
FROM (SELECT
   (SELECT count(*) FROM pg_catalog.pg_stat_activity WHERE datname = (SELECT datname FROM pg_catalog.pg_database WHERE oid = 13442)) AS ""Total"",
   (SELECT count(*) FROM pg_catalog.pg_stat_activity WHERE state = 'active' AND datname = (SELECT datname FROM pg_catalog.pg_database WHERE oid = 13442))  AS ""Active"",
   (SELECT count(*) FROM pg_catalog.pg_stat_activity WHERE state = 'idle' AND datname = (SELECT datname FROM pg_catalog.pg_database WHERE oid = 13442))  AS ""Idle""
) t
UNION ALL
SELECT 'tps_stats' AS chart_name, pg_catalog.row_to_json(t) AS chart_data
FROM (SELECT
   (SELECT sum(xact_commit) + sum(xact_rollback) FROM pg_catalog.pg_stat_database WHERE datname = (SELECT datname FROM pg_catalog.pg_database WHERE oid = 13442)) AS ""Transactions"",
   (SELECT sum(xact_commit) FROM pg_catalog.pg_stat_database WHERE datname = (SELECT datname FROM pg_catalog.pg_database WHERE oid = 13442)) AS ""Commits"",
   (SELECT sum(xact_rollback) FROM pg_catalog.pg_stat_database WHERE datname = (SELECT datname FROM pg_catalog.pg_database WHERE oid = 13442)) AS ""Rollbacks""
) t
UNION ALL
SELECT 'ti_stats' AS chart_name, pg_catalog.row_to_json(t) AS chart_data
FROM (SELECT
   (SELECT sum(tup_inserted) FROM pg_catalog.pg_stat_database WHERE datname = (SELECT datname FROM pg_catalog.pg_database WHERE oid = 13442)) AS ""Inserts"",
   (SELECT sum(tup_updated) FROM pg_catalog.pg_stat_database WHERE datname = (SELECT datname FROM pg_catalog.pg_database WHERE oid = 13442)) AS ""Updates"",
   (SELECT sum(tup_deleted) FROM pg_catalog.pg_stat_database WHERE datname = (SELECT datname FROM pg_catalog.pg_database WHERE oid = 13442)) AS ""Deletes""
) t
UNION ALL
SELECT 'to_stats' AS chart_name, pg_catalog.row_to_json(t) AS chart_data
FROM (SELECT
   (SELECT sum(tup_fetched) FROM pg_catalog.pg_stat_database WHERE datname = (SELECT datname FROM pg_catalog.pg_database WHERE oid = 13442)) AS ""Fetched"",
   (SELECT sum(tup_returned) FROM pg_catalog.pg_stat_database WHERE datname = (SELECT datname FROM pg_catalog.pg_database WHERE oid = 13442)) AS ""Returned""
) t
UNION ALL
SELECT 'bio_stats' AS chart_name, pg_catalog.row_to_json(t) AS chart_data
FROM (SELECT
   (SELECT sum(blks_read) FROM pg_catalog.pg_stat_database WHERE datname = (SELECT datname FROM pg_catalog.pg_database WHERE oid = 13442)) AS ""Reads"",
   (SELECT sum(blks_hit) FROM pg_catalog.pg_stat_database WHERE datname = (SELECT datname FROM pg_catalog.pg_database WHERE oid = 13442)) AS ""Hits""
) t
",,,,,,,,"exec_simple_query, d:\pginstaller_13.auto\postgres.windows-x64\src\backend\tcop\postgres.c:1043","pgAdmin 4 - DB:postgres","client backend"
2024-06-02 18:01:02.919 IST,"postgres","postgres",18932,"::1:60984",665c5cea.49f4,534,"",2024-06-02 17:22:10 IST,3/0,0,LOG,00000,"duration: 17.740 ms",,,,,,,,"exec_simple_query, d:\pginstaller_13.auto\postgres.windows-x64\src\backend\tcop\postgres.c:1330","pgAdmin 4 - DB:postgres","client backend"
2024-06-02 18:01:07.907 IST,"postgres","postgres",18932,"::1:60984",665c5cea.49f4,535,"",2024-06-02 17:22:10 IST,3/1608,0,LOG,00000,"statement: /*pga4dash*/
SELECT 'session_stats' AS chart_name, pg_catalog.row_to_json(t) AS chart_data
FROM (SELECT
   (SELECT count(*) FROM pg_catalog.pg_stat_activity WHERE datname = (SELECT datname FROM pg_catalog.pg_database WHERE oid = 13442)) AS ""Total"",
   (SELECT count(*) FROM pg_catalog.pg_stat_activity WHERE state = 'active' AND datname = (SELECT datname FROM pg_catalog.pg_database WHERE oid = 13442))  AS ""Active"",
   (SELECT count(*) FROM pg_catalog.pg_stat_activity WHERE state = 'idle' AND datname = (SELECT datname FROM pg_catalog.pg_database WHERE oid = 13442))  AS ""Idle""
) t
UNION ALL
SELECT 'tps_stats' AS chart_name, pg_catalog.row_to_json(t) AS chart_data
FROM (SELECT
   (SELECT sum(xact_commit) + sum(xact_rollback) FROM pg_catalog.pg_stat_database WHERE datname = (SELECT datname FROM pg_catalog.pg_database WHERE oid = 13442)) AS ""Transactions"",
   (SELECT sum(xact_commit) FROM pg_catalog.pg_stat_database WHERE datname = (SELECT datname FROM pg_catalog.pg_database WHERE oid = 13442)) AS ""Commits"",
   (SELECT sum(xact_rollback) FROM pg_catalog.pg_stat_database WHERE datname = (SELECT datname FROM pg_catalog.pg_database WHERE oid = 13442)) AS ""Rollbacks""
) t
UNION ALL
SELECT 'ti_stats' AS chart_name, pg_catalog.row_to_json(t) AS chart_data
FROM (SELECT
   (SELECT sum(tup_inserted) FROM pg_catalog.pg_stat_database WHERE datname = (SELECT datname FROM pg_catalog.pg_database WHERE oid = 13442)) AS ""Inserts"",
   (SELECT sum(tup_updated) FROM pg_catalog.pg_stat_database WHERE datname = (SELECT datname FROM pg_catalog.pg_database WHERE oid = 13442)) AS ""Updates"",
   (SELECT sum(tup_deleted) FROM pg_catalog.pg_stat_database WHERE datname = (SELECT datname FROM pg_catalog.pg_database WHERE oid = 13442)) AS ""Deletes""
) t
UNION ALL
SELECT 'to_stats' AS chart_name, pg_catalog.row_to_json(t) AS chart_data
FROM (SELECT
   (SELECT sum(tup_fetched) FROM pg_catalog.pg_stat_database WHERE datname = (SELECT datname FROM pg_catalog.pg_database WHERE oid = 13442)) AS ""Fetched"",
   (SELECT sum(tup_returned) FROM pg_catalog.pg_stat_database WHERE datname = (SELECT datname FROM pg_catalog.pg_database WHERE oid = 13442)) AS ""Returned""
) t
UNION ALL
SELECT 'bio_stats' AS chart_name, pg_catalog.row_to_json(t) AS chart_data
FROM (SELECT
   (SELECT sum(blks_read) FROM pg_catalog.pg_stat_database WHERE datname = (SELECT datname FROM pg_catalog.pg_database WHERE oid = 13442)) AS ""Reads"",
   (SELECT sum(blks_hit) FROM pg_catalog.pg_stat_database WHERE datname = (SELECT datname FROM pg_catalog.pg_database WHERE oid = 13442)) AS ""Hits""
) t
",,,,,,,,"exec_simple_query, d:\pginstaller_13.auto\postgres.windows-x64\src\backend\tcop\postgres.c:1043","pgAdmin 4 - DB:postgres","client backend"
2024-06-02 18:01:07.929 IST,"postgres","postgres",18932,"::1:60984",665c5cea.49f4,536,"",2024-06-02 17:22:10 IST,3/0,0,LOG,00000,"duration: 22.383 ms",,,,,,,,"exec_simple_query, d:\pginstaller_13.auto\postgres.windows-x64\src\backend\tcop\postgres.c:1330","pgAdmin 4 - DB:postgres","client backend"
2024-06-02 18:01:12.908 IST,"postgres","postgres",18932,"::1:60984",665c5cea.49f4,537,"",2024-06-02 17:22:10 IST,3/1609,0,LOG,00000,"statement: /*pga4dash*/
SELECT 'session_stats' AS chart_name, pg_catalog.row_to_json(t) AS chart_data
FROM (SELECT
   (SELECT count(*) FROM pg_catalog.pg_stat_activity WHERE datname = (SELECT datname FROM pg_catalog.pg_database WHERE oid = 13442)) AS ""Total"",
   (SELECT count(*) FROM pg_catalog.pg_stat_activity WHERE state = 'active' AND datname = (SELECT datname FROM pg_catalog.pg_database WHERE oid = 13442))  AS ""Active"",
   (SELECT count(*) FROM pg_catalog.pg_stat_activity WHERE state = 'idle' AND datname = (SELECT datname FROM pg_catalog.pg_database WHERE oid = 13442))  AS ""Idle""
) t
UNION ALL
SELECT 'tps_stats' AS chart_name, pg_catalog.row_to_json(t) AS chart_data
FROM (SELECT
   (SELECT sum(xact_commit) + sum(xact_rollback) FROM pg_catalog.pg_stat_database WHERE datname = (SELECT datname FROM pg_catalog.pg_database WHERE oid = 13442)) AS ""Transactions"",
   (SELECT sum(xact_commit) FROM pg_catalog.pg_stat_database WHERE datname = (SELECT datname FROM pg_catalog.pg_database WHERE oid = 13442)) AS ""Commits"",
   (SELECT sum(xact_rollback) FROM pg_catalog.pg_stat_database WHERE datname = (SELECT datname FROM pg_catalog.pg_database WHERE oid = 13442)) AS ""Rollbacks""
) t
UNION ALL
SELECT 'ti_stats' AS chart_name, pg_catalog.row_to_json(t) AS chart_data
FROM (SELECT
   (SELECT sum(tup_inserted) FROM pg_catalog.pg_stat_database WHERE datname = (SELECT datname FROM pg_catalog.pg_database WHERE oid = 13442)) AS ""Inserts"",
   (SELECT sum(tup_updated) FROM pg_catalog.pg_stat_database WHERE datname = (SELECT datname FROM pg_catalog.pg_database WHERE oid = 13442)) AS ""Updates"",
   (SELECT sum(tup_deleted) FROM pg_catalog.pg_stat_database WHERE datname = (SELECT datname FROM pg_catalog.pg_database WHERE oid = 13442)) AS ""Deletes""
) t
UNION ALL
SELECT 'to_stats' AS chart_name, pg_catalog.row_to_json(t) AS chart_data
FROM (SELECT
   (SELECT sum(tup_fetched) FROM pg_catalog.pg_stat_database WHERE datname = (SELECT datname FROM pg_catalog.pg_database WHERE oid = 13442)) AS ""Fetched"",
   (SELECT sum(tup_returned) FROM pg_catalog.pg_stat_database WHERE datname = (SELECT datname FROM pg_catalog.pg_database WHERE oid = 13442)) AS ""Returned""
) t
UNION ALL
SELECT 'bio_stats' AS chart_name, pg_catalog.row_to_json(t) AS chart_data
FROM (SELECT
   (SELECT sum(blks_read) FROM pg_catalog.pg_stat_database WHERE datname = (SELECT datname FROM pg_catalog.pg_database WHERE oid = 13442)) AS ""Reads"",
   (SELECT sum(blks_hit) FROM pg_catalog.pg_stat_database WHERE datname = (SELECT datname FROM pg_catalog.pg_database WHERE oid = 13442)) AS ""Hits""
) t
",,,,,,,,"exec_simple_query, d:\pginstaller_13.auto\postgres.windows-x64\src\backend\tcop\postgres.c:1043","pgAdmin 4 - DB:postgres","client backend"
2024-06-02 18:01:12.929 IST,"postgres","postgres",18932,"::1:60984",665c5cea.49f4,538,"",2024-06-02 17:22:10 IST,3/0,0,LOG,00000,"duration: 21.742 ms",,,,,,,,"exec_simple_query, d:\pginstaller_13.auto\postgres.windows-x64\src\backend\tcop\postgres.c:1330","pgAdmin 4 - DB:postgres","client backend"
